{"cameraMode":{"drawMode":0,"name":"Shaded","section":"Shading Mode"},"sceneLighting":false,"audioPlay":false,"sceneViewState":{"showFog":true,"showMaterialUpdate":true,"showSkybox":true,"showFlares":true,"showImageEffects":true,"showParticleSystems":true},"in2DMode":false,"pivot":{"x":151.8000030517578,"y":77.30000305175781,"z":0.0},"rotation":{"x":-0.22841937839984895,"y":0.12778082489967347,"z":-0.030266210436820985,"w":-0.9646846652030945},"size":400.4544982910156,"orthographic":false}