{"cameraMode":{"drawMode":0,"name":"Shaded","section":"Shading Mode"},"sceneLighting":true,"audioPlay":false,"sceneViewState":{"showFog":true,"showMaterialUpdate":true,"showSkybox":true,"showFlares":true,"showImageEffects":true,"showParticleSystems":true},"in2DMode":false,"pivot":{"x":5.954239368438721,"y":-52.54848861694336,"z":-25.87163543701172},"rotation":{"x":-0.14819002151489259,"y":-0.8496823906898499,"z":0.31413352489471438,"w":-0.3993167281150818},"size":199.1925048828125,"orthographic":false}