{"cameraMode":{"drawMode":0,"name":"Shaded","section":"Shading Mode"},"sceneLighting":true,"audioPlay":false,"sceneViewState":{"showFog":true,"showMaterialUpdate":true,"showSkybox":true,"showFlares":true,"showImageEffects":true,"showParticleSystems":true},"in2DMode":false,"pivot":{"x":-27.367551803588868,"y":-2.003938913345337,"z":17.55003547668457},"rotation":{"x":-0.0019182563992217184,"y":-0.9998296499252319,"z":0.02454916201531887,"w":0.012002446688711644},"size":8.173663139343262,"orthographic":false}