{"cameraMode":{"drawMode":0,"name":"Shaded","section":"Shading Mode"},"sceneLighting":true,"audioPlay":false,"sceneViewState":{"showFog":true,"showMaterialUpdate":false,"showSkybox":true,"showFlares":true,"showImageEffects":true,"showParticleSystems":true},"in2DMode":false,"pivot":{"x":35.96632766723633,"y":-7.398606300354004,"z":13.49776840209961},"rotation":{"x":0.0363609753549099,"y":0.9498170018196106,"z":-0.28634586930274966,"w":0.12060387432575226},"size":90.23529815673828,"orthographic":false}