{"cameraMode":{"drawMode":0,"name":"Shaded","section":"Shading Mode"},"sceneLighting":false,"audioPlay":false,"sceneViewState":{"showFog":true,"showMaterialUpdate":true,"showSkybox":true,"showFlares":true,"showImageEffects":true,"showParticleSystems":true},"in2DMode":false,"pivot":{"x":19.0,"y":1.8216835260391236,"z":13.501938819885254},"rotation":{"x":-0.3309449851512909,"y":-0.24136942625045777,"z":0.08796212077140808,"w":-0.9080296754837036},"size":90.69207763671875,"orthographic":false}