{"cameraMode":{"drawMode":0,"name":"Shaded","section":"Shading Mode"},"sceneLighting":true,"audioPlay":false,"sceneViewState":{"showFog":true,"showMaterialUpdate":true,"showSkybox":true,"showFlares":true,"showImageEffects":true,"showParticleSystems":true},"in2DMode":false,"pivot":{"x":-71.6393814086914,"y":-2.6633872985839845,"z":-27.04752540588379},"rotation":{"x":0.027815164998173715,"y":0.9699163436889648,"z":-0.20273832976818086,"w":0.14032144844532014},"size":22.0,"orthographic":false}