{"cameraMode":{"drawMode":0,"name":"Shaded","section":"Shading Mode"},"sceneLighting":true,"audioPlay":false,"sceneViewState":{"showFog":true,"showMaterialUpdate":true,"showSkybox":true,"showFlares":true,"showImageEffects":true,"showParticleSystems":true},"in2DMode":false,"pivot":{"x":20.240999221801759,"y":-31.897314071655275,"z":-25.635990142822267},"rotation":{"x":0.002151795430108905,"y":-0.9282650947570801,"z":0.3738443851470947,"w":0.01158246211707592},"size":68.26319885253906,"orthographic":false}