{"cameraMode":{"drawMode":0,"name":"Shaded","section":"Shading Mode"},"sceneLighting":true,"audioPlay":false,"sceneViewState":{"showFog":true,"showMaterialUpdate":true,"showSkybox":true,"showFlares":true,"showImageEffects":true,"showParticleSystems":true},"in2DMode":false,"pivot":{"x":5.793367862701416,"y":1.374268889427185,"z":6.884069919586182},"rotation":{"x":0.008654812350869179,"y":-0.9878825545310974,"z":0.08386737108230591,"w":0.13440226018428803},"size":9.74055290222168,"orthographic":false}