{"cameraMode":{"drawMode":0,"name":"Shaded","section":"Shading Mode"},"sceneLighting":true,"audioPlay":false,"sceneViewState":{"showFog":true,"showMaterialUpdate":true,"showSkybox":true,"showFlares":true,"showImageEffects":true,"showParticleSystems":true},"in2DMode":false,"pivot":{"x":-116.77871704101563,"y":-78.19505310058594,"z":-174.01747131347657},"rotation":{"x":0.05955447256565094,"y":-0.9347057342529297,"z":0.1875070184469223,"w":0.2965262234210968},"size":226.49327087402345,"orthographic":false}