{"cameraMode":{"drawMode":0,"name":"Shaded","section":"Shading Mode"},"sceneLighting":true,"audioPlay":false,"sceneViewState":{"showFog":true,"showMaterialUpdate":true,"showSkybox":true,"showFlares":true,"showImageEffects":true,"showParticleSystems":true},"in2DMode":false,"pivot":{"x":-8.114989280700684,"y":1.4929225444793702,"z":6.8656005859375},"rotation":{"x":-0.06069443002343178,"y":0.1622840166091919,"z":-0.012157086282968521,"w":-0.985745370388031},"size":2.096815586090088,"orthographic":false}