{"cameraMode":{"drawMode":0,"name":"Shaded","section":"Shading Mode"},"sceneLighting":true,"audioPlay":false,"sceneViewState":{"showFog":true,"showMaterialUpdate":true,"showSkybox":true,"showFlares":true,"showImageEffects":true,"showParticleSystems":true},"in2DMode":false,"pivot":{"x":40.532691955566409,"y":2.2708868980407717,"z":10.69637393951416},"rotation":{"x":-0.03811070695519447,"y":0.5121631622314453,"z":-0.02467319741845131,"w":-0.8587512969970703},"size":8.668354988098145,"orthographic":false}