{"cameraMode":{"drawMode":0,"name":"Shaded","section":"Shading Mode"},"sceneLighting":false,"audioPlay":false,"sceneViewState":{"showFog":true,"showMaterialUpdate":false,"showSkybox":true,"showFlares":true,"showImageEffects":true,"showParticleSystems":true},"in2DMode":false,"pivot":{"x":0.0013915300369262696,"y":0.9369187355041504,"z":0.019594788551330568},"rotation":{"x":-0.0031527793034911157,"y":0.9766037464141846,"z":-0.2146056741476059,"w":-0.014359669759869576},"size":5.3187761306762699,"orthographic":false}