{"cameraMode":{"drawMode":0,"name":"Shaded","section":"Shading Mode"},"sceneLighting":true,"audioPlay":false,"sceneViewState":{"showFog":true,"showMaterialUpdate":true,"showSkybox":true,"showFlares":true,"showImageEffects":true,"showParticleSystems":true},"in2DMode":false,"pivot":{"x":5.059638023376465,"y":-1.5035433769226075,"z":17.692306518554689},"rotation":{"x":0.2547975182533264,"y":-0.22746542096138,"z":0.06451696157455445,"w":0.9381445646286011},"size":9.937087059020996,"orthographic":false}