{"cameraMode":{"drawMode":0,"name":"Shaded","section":"Shading Mode"},"sceneLighting":true,"audioPlay":false,"sceneViewState":{"showFog":true,"showMaterialUpdate":true,"showSkybox":true,"showFlares":true,"showImageEffects":true,"showParticleSystems":true},"in2DMode":false,"pivot":{"x":86.18026733398438,"y":-3.857349395751953,"z":-17.575481414794923},"rotation":{"x":-0.022919192910194398,"y":0.9408023953437805,"z":-0.07810717076063156,"w":-0.3310147821903229},"size":49.02885437011719,"orthographic":false}