{"cameraMode":{"drawMode":0,"name":"Shaded","section":"Shading Mode"},"sceneLighting":true,"audioPlay":false,"sceneViewState":{"showFog":true,"showMaterialUpdate":true,"showSkybox":true,"showFlares":true,"showImageEffects":true,"showParticleSystems":true},"in2DMode":false,"pivot":{"x":20.22242546081543,"y":2.582752227783203,"z":8.865560531616211},"rotation":{"x":-0.13696691393852235,"y":0.6236820816993713,"z":-0.11148141324520111,"w":-0.7628294229507446},"size":4.207820415496826,"orthographic":false}