{"cameraMode":{"drawMode":0,"name":"Shaded","section":"Shading Mode"},"sceneLighting":true,"audioPlay":false,"sceneViewState":{"showFog":true,"showMaterialUpdate":true,"showSkybox":true,"showFlares":true,"showImageEffects":true,"showParticleSystems":true},"in2DMode":false,"pivot":{"x":-83.85993194580078,"y":2.9446418285369875,"z":-21.244150161743165},"rotation":{"x":-0.010437283664941788,"y":-0.9734142422676086,"z":0.22432871162891389,"w":-0.04528644308447838},"size":10.530805587768555,"orthographic":false}