{"cameraMode":{"drawMode":0,"name":"Shaded","section":"Shading Mode"},"sceneLighting":false,"audioPlay":false,"sceneViewState":{"showFog":true,"showMaterialUpdate":false,"showSkybox":true,"showFlares":true,"showImageEffects":true,"showParticleSystems":true},"in2DMode":false,"pivot":{"x":3.119999885559082,"y":1.380000114440918,"z":-3.6600000858306886},"rotation":{"x":-0.41786709427833559,"y":0.2766020596027374,"z":-0.1357446014881134,"w":-0.8548557758331299},"size":5.715766906738281,"orthographic":false}