{"cameraMode":{"drawMode":0,"name":"Shaded","section":"Shading Mode"},"sceneLighting":false,"audioPlay":false,"sceneViewState":{"showFog":true,"showMaterialUpdate":true,"showSkybox":true,"showFlares":true,"showImageEffects":true,"showParticleSystems":true},"in2DMode":false,"pivot":{"x":-0.20231881737709046,"y":1.2729414701461793,"z":4.070540428161621},"rotation":{"x":0.239115908741951,"y":-0.5352910161018372,"z":0.16450588405132295,"w":0.7938283681869507},"size":5.695827484130859,"orthographic":false}