{"cameraMode":{"drawMode":0,"name":"Shaded","section":"Shading Mode"},"sceneLighting":true,"audioPlay":false,"sceneViewState":{"showFog":true,"showMaterialUpdate":false,"showSkybox":true,"showFlares":true,"showImageEffects":true,"showParticleSystems":true},"in2DMode":false,"pivot":{"x":1.4649488925933838,"y":0.6485157012939453,"z":0.5386167764663696},"rotation":{"x":0.4435069262981415,"y":-0.528598964214325,"z":0.3807869851589203,"w":0.6155712604522705},"size":23.34146499633789,"orthographic":false}