{"cameraMode":{"drawMode":0,"name":"Shaded","section":"Shading Mode"},"sceneLighting":true,"audioPlay":false,"sceneViewState":{"showFog":true,"showMaterialUpdate":true,"showSkybox":true,"showFlares":true,"showImageEffects":true,"showParticleSystems":true},"in2DMode":false,"pivot":{"x":8.177787780761719,"y":2.1919095516204836,"z":19.862070083618165},"rotation":{"x":-0.2648777663707733,"y":0.5156356692314148,"z":-0.17483660578727723,"w":-0.7963723540306091},"size":7.318508625030518,"orthographic":false}