{"cameraMode":{"drawMode":0,"name":"Shaded","section":"Shading Mode"},"sceneLighting":true,"audioPlay":false,"sceneViewState":{"showFog":true,"showMaterialUpdate":true,"showSkybox":true,"showFlares":true,"showImageEffects":true,"showParticleSystems":true},"in2DMode":false,"pivot":{"x":2.009458541870117,"y":-42.88656234741211,"z":17.5723934173584},"rotation":{"x":0.43584516644477847,"y":-0.5299239158630371,"z":0.37301281094551089,"w":0.6249560117721558},"size":53.94003677368164,"orthographic":false}