{"cameraMode":{"drawMode":0,"name":"Shaded","section":"Shading Mode"},"sceneLighting":true,"audioPlay":false,"sceneViewState":{"showFog":true,"showMaterialUpdate":true,"showSkybox":true,"showFlares":true,"showImageEffects":true,"showParticleSystems":true},"in2DMode":false,"pivot":{"x":-19.593658447265626,"y":-3.2842347621917726,"z":-8.278307914733887},"rotation":{"x":0.09588182717561722,"y":-0.5487871766090393,"z":0.07005827128887177,"w":0.8283365964889526},"size":28.33747100830078,"orthographic":false}