{"cameraMode":{"drawMode":0,"name":"Shaded","section":"Shading Mode"},"sceneLighting":false,"audioPlay":false,"sceneViewState":{"showFog":true,"showMaterialUpdate":true,"showSkybox":true,"showFlares":true,"showImageEffects":true,"showParticleSystems":true},"in2DMode":false,"pivot":{"x":-27.04000473022461,"y":-40.70000457763672,"z":-15.89999771118164},"rotation":{"x":-0.07479112595319748,"y":0.5543107390403748,"z":-0.04796341806650162,"w":-0.8289454579353333},"size":662.9490356445313,"orthographic":false}