{"cameraMode":{"drawMode":0,"name":"Shaded","section":"Shading Mode"},"sceneLighting":true,"audioPlay":false,"sceneViewState":{"showFog":true,"showMaterialUpdate":true,"showSkybox":true,"showFlares":true,"showImageEffects":true,"showParticleSystems":true},"in2DMode":false,"pivot":{"x":16.44367027282715,"y":2.3260886669158937,"z":16.18255043029785},"rotation":{"x":-0.08483623713254929,"y":-0.18094755709171296,"z":0.01312919519841671,"w":-0.9806422591209412},"size":23.334524154663087,"orthographic":false}