{"cameraMode":{"drawMode":0,"name":"Shaded","section":"Shading Mode"},"sceneLighting":false,"audioPlay":false,"sceneViewState":{"showFog":true,"showMaterialUpdate":true,"showSkybox":true,"showFlares":true,"showImageEffects":true,"showParticleSystems":true},"in2DMode":false,"pivot":{"x":33.09742736816406,"y":1.2322121858596802,"z":28.379776000976564},"rotation":{"x":0.01641029492020607,"y":-0.9775320887565613,"z":0.09642469137907028,"w":0.19166460633277894},"size":5.322738170623779,"orthographic":false}