{"cameraMode":{"drawMode":0,"name":"Shaded","section":"Shading Mode"},"sceneLighting":false,"audioPlay":false,"sceneViewState":{"showFog":true,"showMaterialUpdate":true,"showSkybox":true,"showFlares":true,"showImageEffects":true,"showParticleSystems":true},"in2DMode":false,"pivot":{"x":19.0,"y":1.1535000801086426,"z":13.999999046325684},"rotation":{"x":-0.06969188898801804,"y":0.9220669269561768,"z":-0.32584235072135928,"w":-0.20197910070419312},"size":82.78932189941406,"orthographic":false}