{"cameraMode":{"drawMode":0,"name":"Shaded","section":"Shading Mode"},"sceneLighting":true,"audioPlay":false,"sceneViewState":{"showFog":true,"showMaterialUpdate":true,"showSkybox":true,"showFlares":true,"showImageEffects":true,"showParticleSystems":true},"in2DMode":false,"pivot":{"x":40.00567626953125,"y":-25.560331344604493,"z":4.035853385925293},"rotation":{"x":0.286665678024292,"y":0.691135585308075,"z":-0.35278257727622988,"w":0.5637614130973816},"size":65.87457275390625,"orthographic":false}