{"cameraMode":{"drawMode":0,"name":"Shaded","section":"Shading Mode"},"sceneLighting":false,"audioPlay":false,"sceneViewState":{"showFog":true,"showMaterialUpdate":false,"showSkybox":true,"showFlares":true,"showImageEffects":true,"showParticleSystems":true},"in2DMode":false,"pivot":{"x":-0.4259132742881775,"y":0.17699944972991944,"z":-1.0228991508483887},"rotation":{"x":-0.06683415919542313,"y":0.9329115152359009,"z":-0.26151710748672488,"w":-0.23841238021850587},"size":3.0331315994262697,"orthographic":false}