{"cameraMode":{"drawMode":0,"name":"Shaded","section":"Shading Mode"},"sceneLighting":true,"audioPlay":false,"sceneViewState":{"showFog":true,"showMaterialUpdate":true,"showSkybox":true,"showFlares":true,"showImageEffects":true,"showParticleSystems":true},"in2DMode":false,"pivot":{"x":155.51251220703126,"y":187.87498474121095,"z":0.0},"rotation":{"x":0.39904382824897768,"y":-0.11697643250226975,"z":0.05136720463633537,"w":0.908160388469696},"size":735.0623779296875,"orthographic":false}