{"cameraMode":{"drawMode":0,"name":"Shaded","section":"Shading Mode"},"sceneLighting":false,"audioPlay":false,"sceneViewState":{"showFog":true,"showMaterialUpdate":true,"showSkybox":true,"showFlares":true,"showImageEffects":true,"showParticleSystems":true},"in2DMode":false,"pivot":{"x":33.0708122253418,"y":1.7542979717254639,"z":28.307605743408204},"rotation":{"x":0.0069405874237418179,"y":-0.9811062216758728,"z":0.04793187603354454,"w":0.19224035739898683},"size":5.322738170623779,"orthographic":false}