{"cameraMode":{"drawMode":0,"name":"Shaded","section":"Shading Mode"},"sceneLighting":false,"audioPlay":false,"sceneViewState":{"showFog":true,"showMaterialUpdate":true,"showSkybox":true,"showFlares":true,"showImageEffects":true,"showParticleSystems":true},"in2DMode":false,"pivot":{"x":-88.45030975341797,"y":-30.501033782958986,"z":-16.438844680786134},"rotation":{"x":-0.13091740012168885,"y":0.7947470545768738,"z":-0.18674470484256745,"w":-0.5642696619033814},"size":82.78932189941406,"orthographic":false}