{"cameraMode":{"drawMode":0,"name":"Shaded","section":"Shading Mode"},"sceneLighting":true,"audioPlay":false,"sceneViewState":{"showFog":true,"showMaterialUpdate":true,"showSkybox":true,"showFlares":true,"showImageEffects":true,"showParticleSystems":true},"in2DMode":false,"pivot":{"x":840.8731079101563,"y":577.1826782226563,"z":-0.655548095703125},"rotation":{"x":-0.27776557207107546,"y":0.059361085295677188,"z":-0.017118996009230615,"w":-0.9587132334709168},"size":395.2792053222656,"orthographic":false}