{"cameraMode":{"drawMode":0,"name":"Shaded","section":"Shading Mode"},"sceneLighting":true,"audioPlay":false,"sceneViewState":{"showFog":true,"showMaterialUpdate":true,"showSkybox":true,"showFlares":true,"showImageEffects":true,"showParticleSystems":true},"in2DMode":false,"pivot":{"x":3.636763572692871,"y":-20.294878005981447,"z":18.39315414428711},"rotation":{"x":-0.5808729529380798,"y":0.07848021388053894,"z":-0.05900488421320915,"w":-0.8091461062431336},"size":25.481884002685548,"orthographic":false}