{"cameraMode":{"drawMode":0,"name":"Shaded","section":"Shading Mode"},"sceneLighting":false,"audioPlay":false,"sceneViewState":{"showFog":true,"showMaterialUpdate":true,"showSkybox":true,"showFlares":true,"showImageEffects":true,"showParticleSystems":true},"in2DMode":false,"pivot":{"x":34.966007232666019,"y":-42.38699722290039,"z":64.35592651367188},"rotation":{"x":0.34143197536468508,"y":0.12565575540065766,"z":-0.04382675141096115,"w":0.9307436347007752},"size":71.8718032836914,"orthographic":false}