{"cameraMode":{"drawMode":0,"name":"Shaded","section":"Shading Mode"},"sceneLighting":false,"audioPlay":false,"sceneViewState":{"showFog":true,"showMaterialUpdate":true,"showSkybox":true,"showFlares":true,"showImageEffects":true,"showParticleSystems":true},"in2DMode":false,"pivot":{"x":-0.04127254709601402,"y":0.09605991840362549,"z":-3.8421597480773927},"rotation":{"x":0.012171810492873192,"y":-0.9855530261993408,"z":0.11651574820280075,"w":0.12666133046150208},"size":5.3187761306762699,"orthographic":false}