{"cameraMode":{"drawMode":0,"name":"Shaded","section":"Shading Mode"},"sceneLighting":true,"audioPlay":false,"sceneViewState":{"showFog":true,"showMaterialUpdate":true,"showSkybox":true,"showFlares":true,"showImageEffects":true,"showParticleSystems":true},"in2DMode":false,"pivot":{"x":47.30186462402344,"y":-146.9158935546875,"z":8.327167510986329},"rotation":{"x":0.31908971071243288,"y":0.6824121475219727,"z":-0.4311610460281372,"w":0.4976297914981842},"size":406.9818115234375,"orthographic":false}