{"cameraMode":{"drawMode":0,"name":"Shaded","section":"Shading Mode"},"sceneLighting":true,"audioPlay":false,"sceneViewState":{"showFog":true,"showMaterialUpdate":true,"showSkybox":true,"showFlares":true,"showImageEffects":true,"showParticleSystems":true},"in2DMode":false,"pivot":{"x":-8.183382987976075,"y":6.452709197998047,"z":3.9163055419921877},"rotation":{"x":-0.11964911222457886,"y":0.036064643412828448,"z":-0.004213836044073105,"w":-0.9922480583190918},"size":191.31362915039063,"orthographic":false}