{"cameraMode":{"drawMode":0,"name":"Shaded","section":"Shading Mode"},"sceneLighting":true,"audioPlay":false,"sceneViewState":{"showFog":true,"showMaterialUpdate":true,"showSkybox":true,"showFlares":true,"showImageEffects":true,"showParticleSystems":true},"in2DMode":false,"pivot":{"x":46.5801887512207,"y":1.928985357284546,"z":15.029258728027344},"rotation":{"x":0.1269373744726181,"y":0.039592355489730838,"z":0.002277434105053544,"w":-0.9919931292533875},"size":5.562668800354004,"orthographic":false}