{"cameraMode":{"drawMode":0,"name":"Shaded","section":"Shading Mode"},"sceneLighting":true,"audioPlay":false,"sceneViewState":{"showFog":true,"showMaterialUpdate":true,"showSkybox":true,"showFlares":true,"showImageEffects":true,"showParticleSystems":true},"in2DMode":false,"pivot":{"x":4.259167194366455,"y":0.1634177565574646,"z":15.732451438903809},"rotation":{"x":-0.2159561812877655,"y":0.5888288617134094,"z":-0.16945885121822358,"w":-0.7612907886505127},"size":26.061277389526368,"orthographic":false}