{"cameraMode":{"drawMode":0,"name":"Shaded","section":"Shading Mode"},"sceneLighting":true,"audioPlay":false,"sceneViewState":{"showFog":true,"showMaterialUpdate":true,"showSkybox":true,"showFlares":true,"showImageEffects":true,"showParticleSystems":true},"in2DMode":false,"pivot":{"x":-9.264837265014649,"y":8.4409761428833,"z":32.13291931152344},"rotation":{"x":-0.11939795315265656,"y":-0.8640082478523254,"z":0.23092976212501527,"w":-0.4324565529823303},"size":1.6421160697937012,"orthographic":false}