{"cameraMode":{"drawMode":0,"name":"Shaded","section":"Shading Mode"},"sceneLighting":false,"audioPlay":false,"sceneViewState":{"showFog":true,"showMaterialUpdate":true,"showSkybox":true,"showFlares":true,"showImageEffects":true,"showParticleSystems":true},"in2DMode":false,"pivot":{"x":2.4333982467651369,"y":4.417099475860596,"z":-13.27501392364502},"rotation":{"x":0.010106218978762627,"y":0.9926078915596008,"z":-0.0942700058221817,"w":0.0874098390340805},"size":5.631983280181885,"orthographic":false}