{"cameraMode":{"drawMode":0,"name":"Shaded","section":"Shading Mode"},"sceneLighting":true,"audioPlay":false,"sceneViewState":{"showFog":true,"showMaterialUpdate":true,"showSkybox":true,"showFlares":true,"showImageEffects":true,"showParticleSystems":true},"in2DMode":false,"pivot":{"x":4.9238057136535648,"y":4.607400894165039,"z":14.631416320800782},"rotation":{"x":-0.166907399892807,"y":-0.28191325068473818,"z":0.04787268117070198,"w":-0.9446001648902893},"size":6.019589424133301,"orthographic":false}