{"cameraMode":{"drawMode":0,"name":"Shaded","section":"Shading Mode"},"sceneLighting":false,"audioPlay":false,"sceneViewState":{"showFog":true,"showMaterialUpdate":false,"showSkybox":true,"showFlares":true,"showImageEffects":true,"showParticleSystems":true},"in2DMode":false,"pivot":{"x":3.9000015258789064,"y":0.5164999961853027,"z":0.39999818801879885},"rotation":{"x":0.10374819487333298,"y":0.8719136714935303,"z":-0.4285142421722412,"w":0.2130637913942337},"size":82.9898452758789,"orthographic":true}