{"cameraMode":{"drawMode":0,"name":"Shaded","section":"Shading Mode"},"sceneLighting":true,"audioPlay":false,"sceneViewState":{"showFog":true,"showMaterialUpdate":false,"showSkybox":true,"showFlares":true,"showImageEffects":true,"showParticleSystems":true},"in2DMode":false,"pivot":{"x":31.209503173828126,"y":-1.54541015625,"z":28.66748046875},"rotation":{"x":0.002517587738111615,"y":-0.9928787350654602,"z":0.048605915158987048,"w":0.11150955408811569},"size":2.9417765140533449,"orthographic":true}