{"cameraMode":{"drawMode":0,"name":"Shaded","section":"Shading Mode"},"sceneLighting":true,"audioPlay":false,"sceneViewState":{"showFog":true,"showMaterialUpdate":false,"showSkybox":true,"showFlares":true,"showImageEffects":true,"showParticleSystems":true},"in2DMode":false,"pivot":{"x":28.1513671875,"y":1.35205078125,"z":18.85211181640625},"rotation":{"x":-0.2619842290878296,"y":0.5979535579681397,"z":-0.2148037850856781,"w":-0.7265521883964539},"size":3.0629618167877199,"orthographic":true}