{"cameraMode":{"drawMode":0,"name":"Shaded","section":"Shading Mode"},"sceneLighting":true,"audioPlay":false,"sceneViewState":{"showFog":true,"showMaterialUpdate":false,"showSkybox":true,"showFlares":true,"showImageEffects":true,"showParticleSystems":true},"in2DMode":false,"pivot":{"x":21.530750274658204,"y":2.279296875,"z":21.038055419921876},"rotation":{"x":0.6440513730049133,"y":0.013863252475857735,"z":-0.007485395297408104,"w":0.7652073502540588},"size":3.813460350036621,"orthographic":true}