{"cameraMode":{"drawMode":0,"name":"Shaded","section":"Shading Mode"},"sceneLighting":true,"audioPlay":false,"sceneViewState":{"showFog":true,"showMaterialUpdate":false,"showSkybox":true,"showFlares":true,"showImageEffects":true,"showParticleSystems":true},"in2DMode":false,"pivot":{"x":22.782926559448243,"y":-1.924253225326538,"z":23.00615119934082},"rotation":{"x":-0.34251442551612856,"y":0.4670555591583252,"z":-0.20139291882514954,"w":-0.7899876832962036},"size":13.770264625549317,"orthographic":true}