{"cameraMode":{"drawMode":0,"name":"Shaded","section":"Shading Mode"},"sceneLighting":true,"audioPlay":false,"sceneViewState":{"showFog":true,"showMaterialUpdate":true,"showSkybox":true,"showFlares":true,"showImageEffects":true,"showParticleSystems":true},"in2DMode":false,"pivot":{"x":-0.3172607421875,"y":-0.06640625,"z":16.181640625},"rotation":{"x":0.3371308743953705,"y":-0.10439608246088028,"z":0.035053085535764697,"w":0.9355872273445129},"size":7.739137172698975,"orthographic":true}