{"cameraMode":{"drawMode":0,"name":"Shaded","section":"Shading Mode"},"sceneLighting":true,"audioPlay":false,"sceneViewState":{"showFog":true,"showMaterialUpdate":true,"showSkybox":true,"showFlares":true,"showImageEffects":true,"showParticleSystems":true},"in2DMode":false,"pivot":{"x":23.4122314453125,"y":2.6480712890625,"z":28.11669921875},"rotation":{"x":0.30823734402656557,"y":-0.07660408318042755,"z":0.02372758463025093,"w":0.9485832452774048},"size":4.59397029876709,"orthographic":true}