{"cameraMode":{"drawMode":0,"name":"Shaded","section":"Shading Mode"},"sceneLighting":false,"audioPlay":false,"sceneViewState":{"showFog":true,"showMaterialUpdate":false,"showSkybox":true,"showFlares":true,"showImageEffects":true,"showParticleSystems":true},"in2DMode":false,"pivot":{"x":-5.560001373291016,"y":-0.8734999895095825,"z":-36.12999725341797},"rotation":{"x":-0.0455896221101284,"y":0.8503895998001099,"z":-0.5190627574920654,"w":-0.07309180498123169},"size":82.98983764648438,"orthographic":true}