{"cameraMode":{"drawMode":0,"name":"Shaded","section":"Shading Mode"},"sceneLighting":true,"audioPlay":false,"sceneViewState":{"showFog":true,"showMaterialUpdate":false,"showSkybox":true,"showFlares":true,"showImageEffects":true,"showParticleSystems":true},"in2DMode":false,"pivot":{"x":29.11572265625,"y":0.2919921875,"z":24.1240234375},"rotation":{"x":-0.0048833140172064308,"y":0.9870275855064392,"z":-0.15885595977306367,"w":-0.026964707300066949},"size":8.232475280761719,"orthographic":true}