{"cameraMode":{"drawMode":0,"name":"Shaded","section":"Shading Mode"},"sceneLighting":false,"audioPlay":false,"sceneViewState":{"showFog":true,"showMaterialUpdate":false,"showSkybox":true,"showFlares":true,"showImageEffects":true,"showParticleSystems":true},"in2DMode":false,"pivot":{"x":0.05534082651138306,"y":0.9553048610687256,"z":0.1053987443447113},"rotation":{"x":-0.02183978259563446,"y":-0.9723119735717773,"z":0.10007083415985108,"w":-0.2107979655265808},"size":6.033132553100586,"orthographic":true}